<?xml version='1.0'?>
<replacements xml:space='preserve' incomplete_format='false'>
<replacement offset='0' length='39'>#include "person.h"&#10;#include &lt;iostream></replacement>
</replacements>
<?xml version='1.0'?>
<replacements xml:space='preserve' incomplete_format='false'>
</replacements>
<?xml version='1.0'?>
<replacements xml:space='preserve' incomplete_format='false'>
<replacement offset='125' length='2'>&#10;</replacement>
<replacement offset='337' length='3'>&#10;&#10;</replacement>
<replacement offset='406' length='2'> </replacement>
</replacements>
