<?xml version='1.0'?>
<replacements xml:space='preserve' incomplete_format='false'>
<replacement offset='39' length='94'>#include "doe.h"&#10;#include "joey.h"&#10;#include "kangaroo.h"&#10;#include &lt;iostream>&#10;#include &lt;string></replacement>
</replacements>
<?xml version='1.0'?>
<replacements xml:space='preserve' incomplete_format='false'>
</replacements>
<?xml version='1.0'?>
<replacements xml:space='preserve' incomplete_format='false'>
</replacements>
<?xml version='1.0'?>
<replacements xml:space='preserve' incomplete_format='false'>
</replacements>
<?xml version='1.0'?>
<replacements xml:space='preserve' incomplete_format='false'>
<replacement offset='117' length='2'>&#10;</replacement>
<replacement offset='430' length='3'>&#10;&#10;</replacement>
<replacement offset='496' length='3'>&#10;&#10;</replacement>
<replacement offset='557' length='2'> </replacement>
</replacements>
<?xml version='1.0'?>
<replacements xml:space='preserve' incomplete_format='false'>
<replacement offset='0' length='77'>#include "joey.h"&#10;#include "kangaroo.h"&#10;#include &lt;iostream>&#10;#include &lt;string></replacement>
<replacement offset='156' length='2'>&#10;</replacement>
<replacement offset='439' length='3'>&#10;&#10;</replacement>
<replacement offset='490' length='2'> </replacement>
</replacements>
<?xml version='1.0'?>
<replacements xml:space='preserve' incomplete_format='false'>
<replacement offset='31' length='39'>#include "kangaroo.h"&#10;#include &lt;string></replacement>
<replacement offset='121' length='2'>&#10;</replacement>
<replacement offset='202' length='3'>&#10;&#10;</replacement>
<replacement offset='245' length='2'> </replacement>
</replacements>
