<?xml version='1.0'?>
<replacements xml:space='preserve' incomplete_format='false'>
<replacement offset='1161' length='0'> </replacement>
<replacement offset='1162' length='1'></replacement>
<replacement offset='1226' length='0'> </replacement>
<replacement offset='1227' length='1'></replacement>
<replacement offset='1998' length='0'> </replacement>
<replacement offset='1999' length='1'></replacement>
<replacement offset='2058' length='0'> </replacement>
<replacement offset='2059' length='1'></replacement>
<replacement offset='2490' length='0'> </replacement>
<replacement offset='2491' length='1'></replacement>
<replacement offset='2550' length='0'> </replacement>
<replacement offset='2551' length='1'></replacement>
</replacements>
<?xml version='1.0'?>
<replacements xml:space='preserve' incomplete_format='false'>
</replacements>
<?xml version='1.0'?>
<replacements xml:space='preserve' incomplete_format='false'>
</replacements>
<?xml version='1.0'?>
<replacements xml:space='preserve' incomplete_format='false'>
</replacements>
<?xml version='1.0'?>
<replacements xml:space='preserve' incomplete_format='false'>
<replacement offset='268' length='2'>&#10;</replacement>
<replacement offset='323' length='3'>&#10;&#10;</replacement>
<replacement offset='851' length='2'> </replacement>
</replacements>
<?xml version='1.0'?>
<replacements xml:space='preserve' incomplete_format='false'>
<replacement offset='290' length='2'>&#10;</replacement>
<replacement offset='493' length='2'> </replacement>
</replacements>
<?xml version='1.0'?>
<replacements xml:space='preserve' incomplete_format='false'>
<replacement offset='286' length='2'>&#10;</replacement>
<replacement offset='356' length='3'>&#10;&#10;</replacement>
<replacement offset='645' length='2'> </replacement>
</replacements>
