<?xml version='1.0'?>
<replacements xml:space='preserve' incomplete_format='false'>
<replacement offset='0' length='74'>#include "maze.h"&#10;#include &lt;fstream>&#10;#include &lt;iostream>&#10;#include &lt;string></replacement>
</replacements>
<?xml version='1.0'?>
<replacements xml:space='preserve' incomplete_format='false'>
<replacement offset='0' length='73'>#include "maze.h"&#10;#include "robot.h"&#10;#include &lt;fstream>&#10;#include &lt;vector></replacement>
<replacement offset='2583' length='5'>&#10;  </replacement>
<replacement offset='2597' length='7'>&#10;    </replacement>
<replacement offset='2617' length='7'>&#10;    </replacement>
<replacement offset='2630' length='5'>&#10;  </replacement>
<replacement offset='2646' length='7'>&#10;    </replacement>
<replacement offset='2666' length='7'>&#10;    </replacement>
<replacement offset='2679' length='5'>&#10;  </replacement>
<replacement offset='2695' length='7'>&#10;    </replacement>
<replacement offset='2715' length='7'>&#10;    </replacement>
<replacement offset='2728' length='5'>&#10;  </replacement>
<replacement offset='2745' length='7'>&#10;    </replacement>
<replacement offset='3201' length='0'> </replacement>
<replacement offset='3202' length='1'></replacement>
<replacement offset='3970' length='9'>&#10;      </replacement>
<replacement offset='3990' length='11'>&#10;        </replacement>
<replacement offset='4015' length='11'>&#10;        </replacement>
<replacement offset='4032' length='9'>&#10;      </replacement>
<replacement offset='4054' length='11'>&#10;        </replacement>
<replacement offset='4080' length='11'>&#10;        </replacement>
<replacement offset='4097' length='9'>&#10;      </replacement>
<replacement offset='4118' length='11'>&#10;        </replacement>
<replacement offset='4144' length='11'>&#10;        </replacement>
<replacement offset='4161' length='9'>&#10;      </replacement>
<replacement offset='4181' length='11'>&#10;        </replacement>
<replacement offset='4205' length='11'>&#10;        </replacement>
</replacements>
<?xml version='1.0'?>
<replacements xml:space='preserve' incomplete_format='false'>
<replacement offset='107' length='0'> </replacement>
<replacement offset='108' length='1'></replacement>
<replacement offset='137' length='0'> </replacement>
<replacement offset='138' length='1'></replacement>
<replacement offset='435' length='0'> </replacement>
<replacement offset='436' length='1'></replacement>
<replacement offset='567' length='0'> </replacement>
<replacement offset='568' length='1'></replacement>
<replacement offset='590' length='0'> </replacement>
<replacement offset='591' length='1'></replacement>
</replacements>
<?xml version='1.0'?>
<replacements xml:space='preserve' incomplete_format='false'>
<replacement offset='0' length='91'>#include "cpputils/graphics/image.h"&#10;#include "robot.h"&#10;#include &lt;memory>&#10;#include &lt;vector></replacement>
<replacement offset='421' length='2'>&#10;</replacement>
<replacement offset='722' length='3'>&#10;&#10;</replacement>
<replacement offset='1026' length='2'>&#10;</replacement>
<replacement offset='1305' length='9'> </replacement>
<replacement offset='1327' length='9'> </replacement>
<replacement offset='1515' length='3'>&#10;&#10;</replacement>
</replacements>
<?xml version='1.0'?>
<replacements xml:space='preserve' incomplete_format='false'>
<replacement offset='103' length='2'>&#10;</replacement>
<replacement offset='138' length='0'> </replacement>
<replacement offset='139' length='1'></replacement>
<replacement offset='169' length='0'> </replacement>
<replacement offset='170' length='1'></replacement>
<replacement offset='285' length='0'> </replacement>
<replacement offset='286' length='1'></replacement>
<replacement offset='294' length='3'>&#10;&#10;</replacement>
<replacement offset='344' length='0'> </replacement>
<replacement offset='345' length='1'></replacement>
<replacement offset='367' length='0'> </replacement>
<replacement offset='368' length='1'></replacement>
<replacement offset='561' length='2'> </replacement>
</replacements>
