<?xml version='1.0'?>
<replacements xml:space='preserve' incomplete_format='false'>
</replacements>
<?xml version='1.0'?>
<replacements xml:space='preserve' incomplete_format='false'>
</replacements>
<?xml version='1.0'?>
<replacements xml:space='preserve' incomplete_format='false'>
<replacement offset='0' length='100'>#include "rainstorm.h"&#10;#include "raindrop.h"&#10;#include &lt;iostream>&#10;#include &lt;random>&#10;#include &lt;vector></replacement>
</replacements>
<?xml version='1.0'?>
<replacements xml:space='preserve' incomplete_format='false'>
<replacement offset='172' length='2'>&#10;</replacement>
<replacement offset='368' length='3'>&#10;&#10;</replacement>
<replacement offset='453' length='2'> </replacement>
</replacements>
<?xml version='1.0'?>
<replacements xml:space='preserve' incomplete_format='false'>
<replacement offset='0' length='119'>#include "cpputils/graphics/image.h"&#10;#include "cpputils/graphics/image_event.h"&#10;#include "raindrop.h"&#10;#include &lt;vector></replacement>
<replacement offset='278' length='2'>&#10;</replacement>
<replacement offset='807' length='0'> </replacement>
<replacement offset='808' length='1'></replacement>
<replacement offset='849' length='3'>&#10;&#10;</replacement>
<replacement offset='1021' length='0'> </replacement>
<replacement offset='1044' length='2'> </replacement>
</replacements>
