<?xml version='1.0'?>
<replacements xml:space='preserve' incomplete_format='false'>
</replacements>
<?xml version='1.0'?>
<replacements xml:space='preserve' incomplete_format='false'>
<replacement offset='108' length='0'> </replacement>
<replacement offset='109' length='1'></replacement>
<replacement offset='673' length='0'> </replacement>
<replacement offset='674' length='1'></replacement>
<replacement offset='856' length='0'> </replacement>
<replacement offset='857' length='1'></replacement>
</replacements>
<?xml version='1.0'?>
<replacements xml:space='preserve' incomplete_format='false'>
<replacement offset='1439' length='0'> </replacement>
<replacement offset='1440' length='1'></replacement>
<replacement offset='1900' length='0'> </replacement>
<replacement offset='1901' length='1'></replacement>
</replacements>
<?xml version='1.0'?>
<replacements xml:space='preserve' incomplete_format='false'>
<replacement offset='130' length='2'>&#10;</replacement>
<replacement offset='219' length='3'>&#10;&#10;</replacement>
<replacement offset='686' length='3'>&#10;&#10;</replacement>
<replacement offset='795' length='2'>&#10;</replacement>
<replacement offset='831' length='3'>&#10;&#10;</replacement>
<replacement offset='1054' length='2'>&#10;</replacement>
<replacement offset='1230' length='2'>&#10;</replacement>
<replacement offset='1386' length='2'> </replacement>
</replacements>
<?xml version='1.0'?>
<replacements xml:space='preserve' incomplete_format='false'>
<replacement offset='244' length='2'>&#10;</replacement>
<replacement offset='607' length='0'> </replacement>
<replacement offset='608' length='1'></replacement>
<replacement offset='704' length='3'>&#10;&#10;</replacement>
<replacement offset='783' length='0'> </replacement>
<replacement offset='784' length='1'></replacement>
<replacement offset='810' length='0'> </replacement>
<replacement offset='811' length='1'></replacement>
<replacement offset='847' length='0'> </replacement>
</replacements>
