<?xml version='1.0'?>
<replacements xml:space='preserve' incomplete_format='false'>
</replacements>
<?xml version='1.0'?>
<replacements xml:space='preserve' incomplete_format='false'>
<replacement offset='249' length='0'> </replacement>
<replacement offset='250' length='1'></replacement>
</replacements>
<?xml version='1.0'?>
<replacements xml:space='preserve' incomplete_format='false'>
</replacements>
<?xml version='1.0'?>
<replacements xml:space='preserve' incomplete_format='false'>
<replacement offset='0' length='64'>#include "bubble_jar.h"&#10;#include "bubbles.h"&#10;#include &lt;iostream></replacement>
<replacement offset='757' length='0'> </replacement>
<replacement offset='758' length='1'></replacement>
</replacements>
<?xml version='1.0'?>
<replacements xml:space='preserve' incomplete_format='false'>
<replacement offset='284' length='2'>&#10;</replacement>
<replacement offset='613' length='0'> </replacement>
<replacement offset='614' length='1'></replacement>
<replacement offset='1182' length='3'>&#10;&#10;</replacement>
<replacement offset='1299' length='0'> </replacement>
<replacement offset='1300' length='1'></replacement>
<replacement offset='1323' length='2'> </replacement>
</replacements>
<?xml version='1.0'?>
<replacements xml:space='preserve' incomplete_format='false'>
<replacement offset='230' length='2'>&#10;</replacement>
<replacement offset='281' length='0'> </replacement>
<replacement offset='282' length='1'></replacement>
<replacement offset='416' length='2'>&#10;</replacement>
<replacement offset='469' length='0'> </replacement>
<replacement offset='470' length='1'></replacement>
<replacement offset='566' length='2'> </replacement>
</replacements>
<?xml version='1.0'?>
<replacements xml:space='preserve' incomplete_format='false'>
<replacement offset='408' length='2'>&#10;</replacement>
<replacement offset='703' length='0'> </replacement>
<replacement offset='704' length='1'></replacement>
<replacement offset='864' length='0'> </replacement>
<replacement offset='865' length='1'></replacement>
<replacement offset='906' length='3'>&#10;&#10;</replacement>
<replacement offset='1074' length='2'> </replacement>
</replacements>
