<?xml version='1.0'?>
<replacements xml:space='preserve' incomplete_format='false'>
</replacements>
<?xml version='1.0'?>
<replacements xml:space='preserve' incomplete_format='false'>
<replacement offset='131' length='0'> </replacement>
<replacement offset='132' length='1'></replacement>
</replacements>
<?xml version='1.0'?>
<replacements xml:space='preserve' incomplete_format='false'>
<replacement offset='75' length='2'>&#10;</replacement>
<replacement offset='122' length='3'>&#10;&#10;</replacement>
</replacements>
