<?xml version='1.0'?>
<replacements xml:space='preserve' incomplete_format='false'>
</replacements>
<?xml version='1.0'?>
<replacements xml:space='preserve' incomplete_format='false'>
</replacements>
<?xml version='1.0'?>
<replacements xml:space='preserve' incomplete_format='false'>
</replacements>
<?xml version='1.0'?>
<replacements xml:space='preserve' incomplete_format='false'>
<replacement offset='157' length='2'>&#10;</replacement>
<replacement offset='319' length='3'>&#10;&#10;</replacement>
<replacement offset='414' length='2'> </replacement>
</replacements>
<?xml version='1.0'?>
<replacements xml:space='preserve' incomplete_format='false'>
<replacement offset='101' length='2'>&#10;</replacement>
<replacement offset='391' length='3'>&#10;&#10;</replacement>
<replacement offset='479' length='2'> </replacement>
</replacements>
