<?xml version='1.0'?>
<replacements xml:space='preserve' incomplete_format='false'>
<replacement offset='0' length='45'>#include "progress_bar.h"&#10;#include &lt;iostream></replacement>
</replacements>
<?xml version='1.0'?>
<replacements xml:space='preserve' incomplete_format='false'>
</replacements>
<?xml version='1.0'?>
<replacements xml:space='preserve' incomplete_format='false'>
<replacement offset='351' length='2'>&#10;</replacement>
<replacement offset='685' length='0'> </replacement>
<replacement offset='686' length='1'></replacement>
<replacement offset='727' length='3'>&#10;&#10;</replacement>
<replacement offset='902' length='2'> </replacement>
</replacements>
