<?xml version='1.0'?>
<replacements xml:space='preserve' incomplete_format='false'>
</replacements>
<?xml version='1.0'?>
<replacements xml:space='preserve' incomplete_format='false'>
<replacement offset='107' length='0'> </replacement>
<replacement offset='108' length='1'></replacement>
</replacements>
<?xml version='1.0'?>
<replacements xml:space='preserve' incomplete_format='false'>
<replacement offset='234' length='0'> </replacement>
<replacement offset='235' length='1'></replacement>
<replacement offset='250' length='2'> </replacement>
</replacements>
