<?xml version='1.0'?>
<replacements xml:space='preserve' incomplete_format='false'>
<replacement offset='491' length='2'>&#10;</replacement>
<replacement offset='1223' length='0'> </replacement>
<replacement offset='1224' length='1'></replacement>
<replacement offset='2102' length='3'>&#10;&#10;</replacement>
</replacements>
<?xml version='1.0'?>
<replacements xml:space='preserve' incomplete_format='false'>
</replacements>
<?xml version='1.0'?>
<replacements xml:space='preserve' incomplete_format='false'>
<replacement offset='50' length='2'>&#10;</replacement>
<replacement offset='132' length='3'>&#10;&#10;</replacement>
</replacements>
