<?xml version='1.0'?>
<replacements xml:space='preserve' incomplete_format='false'>
</replacements>
<?xml version='1.0'?>
<replacements xml:space='preserve' incomplete_format='false'>
<replacement offset='783' length='0'> </replacement>
<replacement offset='784' length='1'></replacement>
<replacement offset='884' length='0'> </replacement>
<replacement offset='885' length='1'></replacement>
<replacement offset='914' length='0'> </replacement>
<replacement offset='915' length='1'></replacement>
<replacement offset='1442' length='0'> </replacement>
<replacement offset='1443' length='1'></replacement>
<replacement offset='1633' length='0'> </replacement>
<replacement offset='1634' length='1'></replacement>
<replacement offset='1867' length='0'> </replacement>
<replacement offset='1868' length='1'></replacement>
<replacement offset='2107' length='0'> </replacement>
<replacement offset='2108' length='1'></replacement>
<replacement offset='2388' length='0'> </replacement>
<replacement offset='2389' length='1'></replacement>
<replacement offset='2510' length='0'> </replacement>
<replacement offset='2511' length='1'></replacement>
</replacements>
<?xml version='1.0'?>
<replacements xml:space='preserve' incomplete_format='false'>
<replacement offset='231' length='0'> </replacement>
<replacement offset='232' length='1'></replacement>
<replacement offset='325' length='0'> </replacement>
<replacement offset='326' length='1'></replacement>
<replacement offset='421' length='0'> </replacement>
<replacement offset='422' length='1'></replacement>
<replacement offset='523' length='0'> </replacement>
<replacement offset='524' length='1'></replacement>
<replacement offset='618' length='0'> </replacement>
<replacement offset='619' length='1'></replacement>
<replacement offset='719' length='0'> </replacement>
<replacement offset='720' length='1'></replacement>
<replacement offset='736' length='2'> </replacement>
</replacements>
