<?xml version='1.0'?>
<replacements xml:space='preserve' incomplete_format='false'>
<replacement offset='567' length='2'>&#10;</replacement>
<replacement offset='1795' length='0'> </replacement>
<replacement offset='1796' length='1'></replacement>
<replacement offset='3022' length='3'>&#10;&#10;</replacement>
</replacements>
<?xml version='1.0'?>
<replacements xml:space='preserve' incomplete_format='false'>
</replacements>
<?xml version='1.0'?>
<replacements xml:space='preserve' incomplete_format='false'>
<replacement offset='63' length='2'>&#10;</replacement>
<replacement offset='333' length='3'>&#10;&#10;</replacement>
<replacement offset='404' length='2'> </replacement>
</replacements>
<?xml version='1.0'?>
<replacements xml:space='preserve' incomplete_format='false'>
<replacement offset='34' length='55'>#include "rect.h"&#10;#include &lt;iostream>&#10;#include &lt;string></replacement>
<replacement offset='125' length='2'>&#10;</replacement>
<replacement offset='562' length='3'>&#10;&#10;</replacement>
<replacement offset='650' length='2'> </replacement>
</replacements>
<?xml version='1.0'?>
<replacements xml:space='preserve' incomplete_format='false'>
<replacement offset='48' length='55'>#include "rect.h"&#10;#include &lt;iostream>&#10;#include &lt;string></replacement>
<replacement offset='168' length='2'>&#10;</replacement>
<replacement offset='610' length='3'>&#10;&#10;</replacement>
<replacement offset='655' length='2'> </replacement>
</replacements>
