<?xml version='1.0'?>
<replacements xml:space='preserve' incomplete_format='false'>
<replacement offset='2984' length='0'> </replacement>
<replacement offset='2985' length='1'></replacement>
</replacements>
<?xml version='1.0'?>
<replacements xml:space='preserve' incomplete_format='false'>
</replacements>
<?xml version='1.0'?>
<replacements xml:space='preserve' incomplete_format='false'>
<replacement offset='141' length='0'> </replacement>
<replacement offset='142' length='1'></replacement>
<replacement offset='170' length='0'> </replacement>
<replacement offset='171' length='1'></replacement>
<replacement offset='206' length='0'> </replacement>
<replacement offset='207' length='1'></replacement>
<replacement offset='221' length='0'> </replacement>
<replacement offset='222' length='1'></replacement>
<replacement offset='246' length='0'> </replacement>
<replacement offset='247' length='1'></replacement>
<replacement offset='258' length='0'> </replacement>
<replacement offset='259' length='1'></replacement>
<replacement offset='294' length='0'> </replacement>
<replacement offset='295' length='1'></replacement>
<replacement offset='317' length='0'> </replacement>
<replacement offset='318' length='1'></replacement>
<replacement offset='360' length='0'> </replacement>
<replacement offset='361' length='1'></replacement>
<replacement offset='379' length='2'> </replacement>
</replacements>
