<?xml version='1.0'?>
<replacements xml:space='preserve' incomplete_format='false'>
</replacements>
<?xml version='1.0'?>
<replacements xml:space='preserve' incomplete_format='false'>
<replacement offset='38' length='1'> </replacement>
<replacement offset='60' length='3'> </replacement>
<replacement offset='84' length='1'> </replacement>
<replacement offset='105' length='1'> </replacement>
<replacement offset='127' length='3'> </replacement>
<replacement offset='151' length='1'> </replacement>
</replacements>
