<?xml version='1.0'?>
<replacements xml:space='preserve' incomplete_format='false'>
</replacements>
<?xml version='1.0'?>
<replacements xml:space='preserve' incomplete_format='false'>
<replacement offset='45' length='0'> </replacement>
<replacement offset='46' length='1'></replacement>
</replacements>
<?xml version='1.0'?>
<replacements xml:space='preserve' incomplete_format='false'>
<replacement offset='128' length='2'>&#10;</replacement>
<replacement offset='167' length='3'>&#10;&#10;</replacement>
<replacement offset='420' length='2'>&#10;</replacement>
<replacement offset='726' length='2'>&#10;</replacement>
<replacement offset='1061' length='2'>&#10;</replacement>
<replacement offset='1439' length='0'> </replacement>
<replacement offset='1440' length='1'></replacement>
<replacement offset='1455' length='2'> </replacement>
</replacements>
