<?xml version='1.0'?>
<replacements xml:space='preserve' incomplete_format='false'>
<replacement offset='60' length='38'>#include "minimum.h"&#10;#include &lt;vector></replacement>
</replacements>
<?xml version='1.0'?>
<replacements xml:space='preserve' incomplete_format='false'>
</replacements>
<?xml version='1.0'?>
<replacements xml:space='preserve' incomplete_format='false'>
<replacement offset='460' length='0'> </replacement>
<replacement offset='461' length='1'></replacement>
</replacements>
