<?xml version='1.0'?>
<replacements xml:space='preserve' incomplete_format='false'>
<replacement offset='649' length='1'>&#10;    </replacement>
</replacements>
<?xml version='1.0'?>
<replacements xml:space='preserve' incomplete_format='false'>
</replacements>
<?xml version='1.0'?>
<replacements xml:space='preserve' incomplete_format='false'>
<replacement offset='0' length='74'>#include "cpputils/graphics/image.h"&#10;#include &lt;iostream>&#10;#include &lt;string></replacement>
<replacement offset='89' length='2'>&#10;</replacement>
<replacement offset='184' length='3'>&#10;&#10;</replacement>
</replacements>
